"ID","Title","Description","Status","CreatedAt","UpdatedAt"
1,Buy groceries,"Purchase milk, bread, and eggs",pending,"2025-01-22 16:53:07","2025-01-22 16:53:07"
2,Finish project report,Complete the final report for the AmplTest project,in-progress,"2025-01-22 16:53:07","2025-01-22 16:53:07"
3,Update testing task ,Updated task description,completed,"2025-01-22 16:53:07","2025-01-23 19:56:12"
5,Update website content,Revise the homepage text and add new blog posts,in-progress,"2025-01-22 16:53:07","2025-01-22 16:53:07"
6,Buy groceries,"Purchase milk, bread, and eggs",pending,"2025-01-22 16:53:07","2025-01-22 16:53:07"
9,Buy ,"Purchase milk, bread, and eggs",pending,"2025-01-23 17:20:07","2025-01-23 17:20:07"
10,Updated Task ,Updated task description,in-progress,"2025-01-23 17:20:41","2025-01-23 18:26:29"
11,Buy ,"Purchase milk, bread, and eggs",pending,"2025-01-23 17:21:46","2025-01-23 17:21:46"
12,Golang ,golang,completed,"2025-01-23 17:22:03","2025-01-24 00:27:05"
13,Updated Task ,Updated task description,in-progress,"2025-01-23 17:22:19","2025-01-23 19:49:31"
14,Updated Task ,Updated task description,in-progress,"2025-01-23 17:23:29","2025-01-23 19:48:34"
15,Buy ,"Purchase milk, bread, and eggs",pending,"2025-01-23 17:24:42","2025-01-23 17:24:42"
16,Updated Task ,Updated task description,in-progress,"2025-01-23 17:24:46","2025-01-23 18:27:38"
18,Updated Task ,Updated task description,in-progress,"2025-01-23 17:31:18","2025-01-23 18:17:03"
19,Updated Task Title,Updated task description,in-progress,"2025-01-23 17:31:20","2025-01-23 18:11:55"
20,New Task created ,Api testing for insertion,pending,"2025-01-24 00:23:18","2025-01-24 00:23:18"
21,New entity insert ,Api testing for insertion,pending,"2025-01-24 00:26:01","2025-01-24 00:26:01"
